mu,km,rm,kp,V_birth,num_lineages,num_generations,mRNA_birth_avg,mRNA_birth_CV,prot_birth_avg,prot_birth_CV,prot_birth_conc_avg,prot_birth_conc_CV
0.0333333333333333,0.279459339463851,0.138629436111989,0.938742978928143,0.885197525716027,50000,15,0.99572,1.00347536317134,49.9009,0.30454609059515,56.3726157725483,0.30454609059515
0.0666666666666666,0.279459339463851,0.138629436111989,0.938742978928143,0.885197525716027,50000,15,0.93446,1.03401085309487,22.01986,0.423717436824271,24.8756456726292,0.423717436824271
0.0666666666666666,0.558918678927702,0.138629436111989,0.938742978928143,0.885197525716027,50000,15,1.87892,0.730593232698009,43.99466,0.298735714650554,49.7003874524086,0.298735714650554
0.0666666666666666,0.279459339463851,0.0693147180559945,0.938742978928143,0.885197525716027,50000,15,1.5825,0.792051428858306,35.3158,0.384046665387004,39.8959542633532,0.384046665387004
0.0666666666666666,0.279459339463851,0.138629436111989,1.87748595785629,0.885197525716027,50000,15,0.9477,1.02973622004492,44.13586,0.39342099542692,49.8598998729679,0.39342099542692
0.0666666666666666,0.558918678927702,0.138629436111989,0.938742978928143,1.77039505143205,50000,15,1.87892,0.730593232698009,43.99466,0.298735714650554,24.8501937262044,0.298735714650554
0.0666666666666666,0.279459339463851,0.138629436111989,1.87748595785629,1.77039505143205,50000,15,0.9477,1.02973622004492,44.13586,0.39342099542692,24.929949936484,0.39342099542692
